{
  "accuracy": 0.8972602739726028,
  "mae": 0.2328767123287671,
  "top2_accuracy": 0.9840182648401826
}