{
  "model_threshold": {
    "accept_rate": 1.0,
    "violation": 0.029493749141693115,
    "throughput_expected": 5.841789245605469,
    "throughput_realized": 5.841789245605469,
    "avg_mcs": 26.864
  },
  "model_throughput": {
    "accept_rate": 1.0,
    "violation": 0.030926942825317383,
    "throughput_expected": 5.844721794128418,
    "throughput_realized": 5.844721794128418,
    "avg_mcs": 27.0
  },
  "baseline_cqi": {
    "accept_rate": 1.0,
    "violation": 0.9999725818634033,
    "throughput_expected": 1.7723155906423926e-05,
    "throughput_realized": 1.7723155906423926e-05,
    "avg_mcs": 0.539975
  },
  "baseline_cqi_olla": {
    "accept_rate": 1.0,
    "violation": 0.9999979138374329,
    "throughput_expected": 4.896326117886929e-07,
    "throughput_realized": 4.896326117886929e-07,
    "avg_mcs": 0.0
  }
}