{
  "model_threshold": {
    "accept_rate": 1.0,
    "violation": 0.1465170979499817,
    "throughput_expected": 4.608625411987305,
    "throughput_realized": 4.608625411987305,
    "avg_mcs": 22.90209
  },
  "model_throughput": {
    "accept_rate": 1.0,
    "violation": 0.19153094291687012,
    "throughput_expected": 4.713171482086182,
    "throughput_realized": 4.713171482086182,
    "avg_mcs": 26.1208
  },
  "baseline_cqi": {
    "accept_rate": 1.0,
    "violation": 0.3439149260520935,
    "throughput_expected": 3.8392999172210693,
    "throughput_realized": 3.8392999172210693,
    "avg_mcs": 17.88899
  },
  "baseline_cqi_olla": {
    "accept_rate": 1.0,
    "violation": 0.9999985098838806,
    "throughput_expected": 3.5473641446515103e-07,
    "throughput_realized": 3.5473641446515103e-07,
    "avg_mcs": 0.0
  },
  "baseline_snr_cqi_table": {
    "accept_rate": 1.0,
    "violation": 0.2822127938270569,
    "throughput_expected": 3.9129555225372314,
    "throughput_realized": 3.9129555225372314,
    "avg_mcs": 20.28504
  }
}