{
  "model_threshold": {
    "accept_rate": 1.0,
    "violation": 0.1248655915260315,
    "throughput_expected": 5.046618938446045,
    "throughput_realized": 5.069234371185303,
    "avg_mcs": 24.28
  },
  "model_throughput": {
    "accept_rate": 1.0,
    "violation": 0.1535291075706482,
    "throughput_expected": 5.1052775382995605,
    "throughput_realized": 5.129578113555908,
    "avg_mcs": 27.0
  },
  "baseline_cqi": {
    "accept_rate": 1.0,
    "violation": 0.1366363763809204,
    "throughput_expected": 5.04490327835083,
    "throughput_realized": 5.064789295196533,
    "avg_mcs": 24.688
  },
  "baseline_cqi_olla": {
    "accept_rate": 1.0,
    "violation": 0.9986316561698914,
    "throughput_expected": 0.0013488682452589273,
    "throughput_realized": 0.0003701171954162419,
    "avg_mcs": 0.0755
  }
}