{
  "rows": 300000,
  "cols": 21,
  "missing_fraction": {
    "snr": 0.0,
    "snr_round": 0.0,
    "snr_bin05": 0.0,
    "snr_clip": 0.0,
    "pathloss": 0.0,
    "pathloss_round": 0.0,
    "cqi": 0.0,
    "ele_angle": 0.0,
    "slot_percent": 0.0,
    "slot": 0.0,
    "window": 0.0,
    "target_bler": 0.0,
    "mod_code": 0.0,
    "snr_cqi": 0.0,
    "snr_pathloss": 0.0,
    "mcs": 0.0,
    "tbs": 0.0,
    "tcr": 0.0,
    "bler": 0.0,
    "blkerr": 0.0,
    "label_pass": 0.0
  },
  "numeric_stats": {
    "snr": {
      "count": 300000.0,
      "mean": -0.02417498619233253,
      "std": 3.7620939338115895,
      "min": -8.48381747958476,
      "max": 4.70283677011515,
      "q1": -8.14443669764651,
      "q5": -7.19281472015378,
      "q50": 0.946662832018409,
      "q95": 4.40793039320438,
      "q99": 4.56713882223517
    },
    "snr_round": {
      "count": 300000.0,
      "mean": -0.03231,
      "std": 3.759437880208145,
      "min": -8.0,
      "max": 5.0,
      "q1": -8.0,
      "q5": -7.0,
      "q50": 1.0,
      "q95": 4.0,
      "q99": 5.0
    },
    "snr_bin05": {
      "count": 300000.0,
      "mean": -0.274585,
      "std": 3.764671010894276,
      "min": -8.5,
      "max": 4.5,
      "q1": -8.5,
      "q5": -7.5,
      "q50": 0.5,
      "q95": 4.0,
      "q99": 4.5
    },
    "snr_clip": {
      "count": 300000.0,
      "mean": -0.02417498619233253,
      "std": 3.7620939338115895,
      "min": -8.48381747958476,
      "max": 4.70283677011515,
      "q1": -8.14443669764651,
      "q5": -7.19281472015378,
      "q50": 0.946662832018409,
      "q95": 4.40793039320438,
      "q99": 4.56713882223517
    },
    "pathloss": {
      "count": 300000.0,
      "mean": 159.14205312377638,
      "std": 3.7619234459055715,
      "min": 154.518877688928,
      "max": 167.502105002165,
      "q1": 154.554349207033,
      "q5": 154.709421877117,
      "q50": 158.173274517921,
      "q95": 166.310556659079,
      "q99": 167.262934304218
    },
    "pathloss_round": {
      "count": 300000.0,
      "mean": 159.15943666666666,
      "std": 3.73970808585073,
      "min": 155.0,
      "max": 168.0,
      "q1": 155.0,
      "q5": 155.0,
      "q50": 158.0,
      "q95": 166.0,
      "q99": 167.0
    },
    "cqi": {
      "count": 300000.0,
      "mean": 0.6267566666666666,
      "std": 1.9734721675506033,
      "min": 0.0,
      "max": 10.0,
      "q1": 0.0,
      "q5": 0.0,
      "q50": 0.0,
      "q95": 7.0,
      "q99": 8.0
    },
    "ele_angle": {
      "count": 300000.0,
      "mean": 35.03717221119334,
      "std": 20.228821951688804,
      "min": 0.0,
      "max": 70.0743444223867,
      "q1": 0.700745780043133,
      "q5": 3.50372890021567,
      "q50": 35.0372890021567,
      "q95": 66.570615522171,
      "q99": 69.3735986423435
    },
    "slot_percent": {
      "count": 300000.0,
      "mean": 38.932854028239205,
      "std": 22.477856290461677,
      "min": 0.0002595514950166,
      "max": 77.8654485049834,
      "q1": 0.77891403654485,
      "q5": 3.89353197674419,
      "q50": 38.9329838039867,
      "q95": 73.9721760797342,
      "q99": 77.0867940199335
    },
    "slot": {
      "count": 300000.0,
      "mean": 149999.5,
      "std": 86602.68471589088,
      "min": 0.0,
      "max": 299999.0,
      "q1": 3000.0,
      "q5": 15000.0,
      "q50": 150000.0,
      "q95": 284999.0,
      "q99": 296999.0
    },
    "window": {
      "count": 300000.0,
      "mean": 1000.0,
      "std": 0.0,
      "min": 1000.0,
      "max": 1000.0,
      "q1": 1000.0,
      "q5": 1000.0,
      "q50": 1000.0,
      "q95": 1000.0,
      "q99": 1000.0
    },
    "target_bler": {
      "count": 300000.0,
      "mean": 0.010000000000000009,
      "std": 0.0,
      "min": 0.01,
      "max": 0.01,
      "q1": 0.01,
      "q5": 0.01,
      "q50": 0.01,
      "q95": 0.01,
      "q99": 0.01
    },
    "mod_code": {
      "count": 300000.0,
      "mean": 0.1567,
      "std": 0.3635182945673688,
      "min": 0.0,
      "max": 1.0,
      "q1": 0.0,
      "q5": 0.0,
      "q50": 0.0,
      "q95": 1.0,
      "q99": 1.0
    },
    "snr_cqi": {
      "count": 300000.0,
      "mean": 0.6759323505905306,
      "std": 6.7338852932157085,
      "min": -66.18210923427527,
      "max": 45.624935429388806,
      "q1": -19.2665368596497,
      "q5": -0.0,
      "q50": -0.0,
      "q95": 6.39458549644117,
      "q99": 34.04387976555216
    },
    "snr_pathloss": {
      "count": 300000.0,
      "mean": -17.999289472954583,
      "std": 607.551690155469,
      "min": -1421.0139926863067,
      "max": 726.702404796013,
      "q1": -1362.239664565409,
      "q5": -1196.1673820472465,
      "q50": 149.7287802742301,
      "q95": 681.9267823655978,
      "q99": 705.8924351363243
    },
    "mcs": {
      "count": 300000.0,
      "mean": 6.6936333333333335,
      "std": 1.9525501718853397,
      "min": 1.0,
      "max": 10.0,
      "q1": 2.0,
      "q5": 3.0,
      "q50": 7.0,
      "q95": 9.0,
      "q99": 10.0
    },
    "tbs": {
      "count": 300000.0,
      "mean": 4619.2010666666665,
      "std": 2420.258802417852,
      "min": 304.0,
      "max": 10248.0,
      "q1": 528.0,
      "q5": 808.0,
      "q50": 4608.0,
      "q95": 7808.0,
      "q99": 10248.0
    },
    "tcr": {
      "count": 300000.0,
      "mean": 0.37520445963541665,
      "std": 0.1799679086602616,
      "min": 0.029296875,
      "max": 0.587890625,
      "q1": 0.048828125,
      "q5": 0.076171875,
      "q50": 0.369140625,
      "q95": 0.587890625,
      "q99": 0.587890625
    },
    "bler": {
      "count": 300000.0,
      "mean": 0.00817343974798195,
      "std": 0.010693355371369229,
      "min": 0.0,
      "max": 1.0,
      "q1": 0.0,
      "q5": 0.0,
      "q50": 0.01,
      "q95": 0.016,
      "q99": 0.019
    },
    "blkerr": {
      "count": 300000.0,
      "mean": 0.007936666666666667,
      "std": 0.08873388436534832,
      "min": 0.0,
      "max": 1.0,
      "q1": 0.0,
      "q5": 0.0,
      "q50": 0.0,
      "q95": 0.0,
      "q99": 0.0
    },
    "label_pass": {
      "count": 300000.0,
      "mean": 0.00717,
      "std": 0.0843718841126361,
      "min": 0.0,
      "max": 1.0,
      "q1": 0.0,
      "q5": 0.0,
      "q50": 0.0,
      "q95": 0.0,
      "q99": 0.0
    }
  },
  "pass_rate": 0.00717,
  "ack_rate": 0.007936666666666667,
  "violation_rate": 0.22018666666666667,
  "throughput_bytes_per_row_mean": 54.73688,
  "path": "features/all.parquet",
  "total_rows": 31472705,
  "sample_rows": 300000
}