{
  "logloss": 0.015090899541974068,
  "accuracy": 0.99558
}