{
  "logloss": 0.009035734459757805,
  "accuracy": 0.99682
}