{
  "logloss": 0.009078387171030045,
  "accuracy": 0.99678
}