{
  "logloss": 0.013602178543806076,
  "accuracy": 0.99586
}