{
  "rows": 200000,
  "mae": 0.007487488444894552,
  "mse": 0.003739154664799571,
  "rmse": 0.0611486276608034,
  "ece": 0.0007841655266302405
}