{
  "logloss": 0.16824188828468323,
  "accuracy": 0.922376
}