{
  "logloss": 0.039623480290174484,
  "accuracy": 0.99312
}