{
  "logloss": 0.06435414403676987,
  "accuracy": 0.988098
}