{
  "logloss": 0.08639296144247055,
  "accuracy": 0.96184
}