{
  "logloss": 0.041108500212430954,
  "accuracy": 0.99334
}