{
  "rows": 120000,
  "mae": 0.051038894802331924,
  "mse": 0.02863166853785515,
  "rmse": 0.16920894934327543,
  "ece": 0.049177743671120454
}