{
  "logloss": 0.09187823534011841,
  "accuracy": 0.96183
}