{
  "logloss": 0.5364179611206055,
  "accuracy": 0.69083
}