{
  "snr_cqi": {
    "features": [
      "snr",
      "cqi"
    ],
    "polynomial_regression": {
      "degree": 3,
      "metrics": {
        "r2": 0.7002260088920593,
        "rmse": 1.0701544986130715,
        "mae": 0.8449442982673645
      },
      "formula": "6.720958 + (0.003983)*snr + (-0.000123)*cqi + (0.032286)*snr^2 + (0.000718)*snr cqi + (-0.000280)*cqi^2 + (0.014667)*snr^3 + (-0.004349)*snr^2 cqi + (0.002659)*snr cqi^2 + (0.000577)*cqi^3"
    },
    "newton_interpolation": {
      "expression": "1.31183920929473e-5*cqi**4*snr**4 + 9.5176171765404e-5*cqi**4*snr**3 - 0.000450618897419383*cqi**4*snr**2 - 0.00302315289260528*cqi**4*snr + 0.00267899670396195*cqi**4 - 0.000311187616279002*cqi**3*snr**4 - 0.00230474724507236*cqi**3*snr**3 + 0.0104197239597222*cqi**3*snr**2 + 0.0709251497524383*cqi**3*snr - 0.0620080570732639*cqi**3 + 0.00236755927809768*cqi**2*snr**4 + 0.0177899311223398*cqi**2*snr**3 - 0.0779196231694795*cqi**2*snr**2 - 0.526632368740587*cqi**2*snr + 0.498341127900356*cqi**2 - 0.00576598863232163*cqi*snr**4 - 0.0437759155315467*cqi*snr**3 + 0.187977661393427*cqi*snr**2 + 1.20542468085925*cqi*snr - 1.31265975010347*cqi + 0.00101855001871006*snr**4 + 0.010470418381195*snr**3 - 0.0215309927412023*snr**2 + 0.243598346511508*snr + 6.7487207673867",
      "domain": {
        "snr_min": -8.48381747958476,
        "snr_max": 4.70283677011515,
        "cqi_min": 0.0,
        "cqi_max": 10.0
      }
    }
  },
  "snr_cqi_ele": {
    "features": [
      "snr",
      "cqi",
      "ele_angle"
    ],
    "polynomial_regression": {
      "degree": 3,
      "metrics": {
        "r2": 0.4834741950035095,
        "rmse": 1.4047385252106959,
        "mae": 1.1471561193466187
      },
      "formula": "5.495581 + (0.000000)*snr + (0.000000)*cqi + (0.000000)*ele_angle + (-0.000000)*snr^2 + (0.000000)*snr cqi + (0.000000)*snr ele_angle + (0.000000)*cqi^2 + (0.000000)*cqi ele_angle + (0.000000)*ele_angle^2 + (0.000000)*snr^3 + (0.000000)*snr^2 cqi + (0.000000)*snr^2 ele_angle + (0.000000)*snr cqi^2 + (0.000000)*snr cqi ele_angle + (0.000001)*snr ele_angle^2 + (0.000000)*cqi^3 + (0.000001)*cqi^2 ele_angle + (0.000006)*cqi ele_angle^2 + (0.000014)*ele_angle^3"
    },
    "newton_interpolation": {
      "expression": "6.04814004289472e-12*cqi**4*ele_angle**4*snr**4 - 6.55694668628974e-11*cqi**4*ele_angle**4*snr**3 - 1.01636969064682e-9*cqi**4*ele_angle**4*snr**2 + 1.2484448563859e-9*cqi**4*ele_angle**4*snr + 8.59933711598313e-9*cqi**4*ele_angle**4 - 3.56442618898767e-10*cqi**4*ele_angle**3*snr**4 + 1.24867790468619e-8*cqi**4*ele_angle**3*snr**3 + 1.28707110317437e-7*cqi**4*ele_angle**3*snr**2 - 2.32765285774348e-7*cqi**4*ele_angle**3*snr - 1.21890796731718e-6*cqi**4*ele_angle**3 - 1.56834501859958e-8*cqi**4*ele_angle**2*snr**4 - 7.86889927787665e-7*cqi**4*ele_angle**2*snr**3 - 4.87350984992421e-6*cqi**4*ele_angle**2*snr**2 + 1.49684524736388e-5*cqi**4*ele_angle**2*snr + 5.684844107133e-5*cqi**4*ele_angle**2 + 9.29416321025523e-7*cqi**4*ele_angle*snr**4 + 1.79813835336307e-5*cqi**4*ele_angle*snr**3 + 5.98151958272668e-5*cqi**4*ele_angle*snr**2 - 0.000358671642629453*cqi**4*ele_angle*snr - 0.00105655576023875*cqi**4*ele_angle - 6.06129455887298e-6*cqi**4*snr**4 - 9.65997085519548e-5*cqi**4*snr**3 - 0.000201016470437457*cqi**4*snr**2 + 0.00153649501240665*cqi**4*snr + 0.00550564155840205*cqi**4 - 2.60382404318422e-10*cqi**3*ele_angle**4*snr**4 + 3.89361487257606e-10*cqi**3*ele_angle**4*snr**3 + 2.48549394503709e-8*cqi**3*ele_angle**4*snr**2 - 7.97791772702376e-9*cqi**3*ele_angle**4*snr - 1.93598468091088e-7*cqi**3*ele_angle**4 + 2.52785886426157e-8*cqi**3*ele_angle**3*snr**4 - 1.28071983183019e-7*cqi**3*ele_angle**3*snr**3 - 3.15889059221217e-6*cqi**3*ele_angle**3*snr**2 + 2.38120743021768e-6*cqi**3*ele_angle**3*snr + 2.73249394864487e-5*cqi**3*ele_angle**3 - 3.74605261480778e-7*cqi**3*ele_angle**2*snr**4 + 1.11059059718423e-5*cqi**3*ele_angle**2*snr**3 + 0.000119637838813196*cqi**3*ele_angle**2*snr**2 - 0.000212275074987453*cqi**3*ele_angle**2*snr - 0.00126168114880656*cqi**3*ele_angle**2 - 1.18482408307208e-5*cqi**3*ele_angle*snr**4 - 0.000317751706174123*cqi**3*ele_angle*snr**3 - 0.00143607268996989*cqi**3*ele_angle*snr**2 + 0.00643436401167123*cqi**3*ele_angle*snr + 0.0231946443842831*cqi**3*ele_angle + 0.000131553612552635*cqi**3*snr**4 + 0.00207516892305755*cqi**3*snr**3 + 0.00432665816563998*cqi**3*snr**2 - 0.0332576474728245*cqi**3*snr - 0.129347628860497*cqi**3 + 2.75769960306577e-9*cqi**2*ele_angle**4*snr**4 + 5.41271832577596e-9*cqi**2*ele_angle**4*snr**3 - 1.88938619371812e-7*cqi**2*ele_angle**4*snr**2 - 9.45760765138863e-8*cqi**2*ele_angle**4*snr + 1.36512545355412e-6*cqi**2*ele_angle**4 - 3.02002320724893e-7*cqi**2*ele_angle**3*snr**4 - 2.2020083183706e-7*cqi**2*ele_angle**3*snr**3 + 2.39350860144393e-5*cqi**2*ele_angle**3*snr**2 + 4.16043177104594e-6*cqi**2*ele_angle**3*snr - 0.000191295348829073*cqi**2*ele_angle**3 + 7.54315965577046e-6*cqi**2*ele_angle**2*snr**4 - 3.18621744187914e-5*cqi**2*ele_angle**2*snr**3 - 0.000895512331372396*cqi**2*ele_angle**2*snr**2 + 0.000622688219633128*cqi**2*ele_angle**2*snr + 0.00870456252129478*cqi**2*ele_angle**2 + 3.10429231950987e-5*cqi**2*ele_angle*snr**4 + 0.00169018480882272*cqi**2*ele_angle*snr**3 + 0.0102903270640377*cqi**2*ele_angle*snr**2 - 0.0351652624597328*cqi**2*ele_angle*snr - 0.157800877951818*cqi**2*ele_angle - 0.000957592517182362*cqi**2*snr**4 - 0.014445907309914*cqi**2*snr**3 - 0.0280528993593309*cqi**2*snr**2 + 0.236754891788992*cqi**2*snr + 0.988705038681032*cqi**2 - 7.89870989798974e-9*cqi*ele_angle**4*snr**4 - 2.84236086795169e-8*cqi*ele_angle**4*snr**3 + 4.32207233452809e-7*cqi*ele_angle**4*snr**2 + 4.99179994718126e-7*cqi*ele_angle**4*snr - 2.98655808605722e-6*cqi*ele_angle**4 + 8.93653456530584e-7*cqi*ele_angle**3*snr**4 + 2.64750836621886e-6*cqi*ele_angle**3*snr**3 - 5.40166240266676e-5*cqi*ele_angle**3*snr**2 - 4.76762190957768e-5*cqi*ele_angle**3*snr + 0.000415288387591658*cqi*ele_angle**3 - 2.4294249399877e-5*cqi*ele_angle**2*snr**4 - 1.0054115491212e-5*cqi*ele_angle**2*snr**3 + 0.00195509239761935*cqi*ele_angle**2*snr**2 + 7.39513514855043e-5*cqi*ele_angle**2*snr - 0.0185822996976815*cqi*ele_angle**2 - 2.87895726647694e-5*cqi*ele_angle*snr**4 - 0.00306395979558339*cqi*ele_angle*snr**3 - 0.0205041377387764*cqi*ele_angle*snr**2 + 0.0663270408592737*cqi*ele_angle*snr + 0.329433961331455*cqi*ele_angle + 0.00251718590619049*cqi*snr**4 + 0.0342818701815213*cqi*snr**3 + 0.0510991608074237*cqi*snr**2 - 0.604191341392298*cqi*snr - 2.35602516052168*cqi + 2.36501447999173e-9*ele_angle**4*snr**4 + 8.12397264422792e-9*ele_angle**4*snr**3 - 8.60075004201543e-8*ele_angle**4*snr**2 - 1.9906174427342e-7*ele_angle**4*snr + 4.4434993265367e-7*ele_angle**4 - 2.65409247097498e-7*ele_angle**3*snr**4 - 4.73248675467886e-7*ele_angle**3*snr**3 + 1.18878505159777e-5*ele_angle**3*snr**2 + 1.53969855174653e-5*ele_angle**3*snr - 8.73009272770688e-5*ele_angle**3 + 7.14924701217222e-6*ele_angle**2*snr**4 - 2.15581002864226e-5*ele_angle**2*snr**3 - 0.000497808310405882*ele_angle**2*snr**2 + 7.71494388733145e-5*ele_angle**2*snr + 0.00544433510619306*ele_angle**2 + 1.34491982069371e-5*ele_angle*snr**4 + 0.00129628316278169*ele_angle*snr**3 + 0.00587029814918668*ele_angle*snr**2 - 0.0201888295185376*ele_angle*snr - 0.0662434371264242*ele_angle - 0.00134415041880424*snr**4 - 0.0143038388410805*snr**3 - 0.000433641923876515*snr**2 + 0.592676210837189*snr + 5.70753296735302",
      "domain": {
        "snr_min": -8.48381747958476,
        "snr_max": 4.70283677011515,
        "cqi_min": 0.0,
        "cqi_max": 10.0,
        "ele_angle_min": 0.0,
        "ele_angle_max": 70.0743444223867
      }
    }
  }
}