{
  "logloss": 0.1735069900751114,
  "accuracy": 0.918342
}