{
  "model_threshold": {
    "accept_rate": 1.0,
    "violation": 0.42357295751571655,
    "throughput_expected": 2.7717366218566895,
    "throughput_realized": 2.7717366218566895,
    "avg_mcs": 18.035765
  },
  "model_throughput": {
    "accept_rate": 1.0,
    "violation": 0.4461098313331604,
    "throughput_expected": 3.2591962814331055,
    "throughput_realized": 3.2591962814331055,
    "avg_mcs": 26.5604
  },
  "baseline_cqi": {
    "accept_rate": 1.0,
    "violation": 0.6604006290435791,
    "throughput_expected": 1.9625341892242432,
    "throughput_realized": 1.9625341892242432,
    "avg_mcs": 9.473865
  },
  "baseline_cqi_olla": {
    "accept_rate": 1.0,
    "violation": 0.9999992251396179,
    "throughput_expected": 1.840832482002952e-07,
    "throughput_realized": 1.840832482002952e-07,
    "avg_mcs": 0.0
  },
  "baseline_snr_cqi_table": {
    "accept_rate": 1.0,
    "violation": 0.658379852771759,
    "throughput_expected": 1.9640296697616577,
    "throughput_realized": 1.9640296697616577,
    "avg_mcs": 12.37832
  }
}