{
  "accuracy": 0.67585,
  "mae": 0.36394,
  "top2_accuracy": 0.9225
}