{
  "logloss": 0.3556284010410309,
  "accuracy": 0.91102
}