{
  "accuracy": 0.873015873015873,
  "mae": 0.22448979591836735,
  "top2_accuracy": 0.9682539682539683
}