{
  "logloss": 0.02698037028312683,
  "accuracy": 0.990262
}