{
  "logloss": 0.02700740471482277,
  "accuracy": 0.990312
}