{
  "accuracy": 0.63125,
  "mae": 0.411565,
  "top2_accuracy": 0.9147575
}