{
  "logloss": 0.08348681032657623,
  "accuracy": 0.9625375
}