{
  "rows": 120000,
  "mae": 0.04819370433688164,
  "mse": 0.027517011389136314,
  "rmse": 0.16588252285619579,
  "ece": 0.04660927196272435
}