{
  "logloss": 0.058060191571712494,
  "accuracy": 0.988272
}